{
  "Header": {
      "title": "DineTime Analytics: Transform Your Restaurant Operations",
      "paragraph": "Maximize operational efficiency, enhance customer satisfaction, and increase profitability using actionable data insights."
  },
  "About": {
      "paragraph": "DineTime Analytics leverages computer vision technology to analyze customer interactions within your restaurant. Our mission is to provide actionable insights that can significantly improve your operational efficiency, customer satisfaction, and bottom line.",
      "Why": [
          "Increase Efficiency",
          "Enhance Decision Making",
          "Boost Marketing Effectiveness",
          "Drive Scalability and Growth"
      ],
      "Why2": [
          "Identify bottlenecks, optimize workflows, reduce wait times",
          "Use data to make strategic decisions",
          "Leverage demographic data for targeted marketing",
          "Guide expansions and business planning through patterns in customer behavior"
      ]
  },
  "Services": [
      {
          "icon": "fa fa-camera",
          "name": "Data Collection",
          "text": "Leverage existing security cameras to collect essential data points using advanced computer vision technology."
      },
      {
          "icon": "fa fa-calculator",
          "name": "Data Processing",
          "text": "Access well-organized and processed data, ready for your interpretation and application."
      },
      {
          "icon": "fa fa-bar-chart",
          "name": "Data Visualization",
          "text": "Understand your business better with data visualizations and a Looker Studio dashboard, making it easy to decipher patterns and trends."
      },
      {
          "icon": "fa fa-lightbulb-o",
          "name": "Analysis and Insights",
          "text": "Gain valuable insights and make data-driven decisions to streamline staffing, promotions, and layout design."
      },
      {
          "icon": "fa fa-cogs",
          "name": "Continuous Improvement",
          "text": "Harness the power of continuous optimization to boost profits and ensure customer satisfaction, resulting in repeat business."
      },
      {
        "icon": "fa fa-pie-chart",
        "name": "Continuous Support",
        "text": "Lorem ipsum dolor sit amet, consectetur adipiscing elit. Duis sed dapibus leo nec ornare diam sedasd commodo nibh ante facilisis bibendum dolor feugiat at."
      }
  ],
  "Testimonials": [
      {
          "img": "img/testimonials/01.jpg",
          "text": "\"DineTime Analytics revolutionized our operations, improving customer experience and boosting our bottom line.\"",
          "name": "Alex Smith, Owner of Green Vineyard"
      },
      {
          "img": "img/testimonials/02.jpg",
          "text": "\"The data insights have been invaluable. Our marketing strategies have never been more effective!\"",
          "name": "Miranda Jones, Marketing Manager at Urban Diner"
      },
      {
          "img": "img/testimonials/03.jpg",
          "text": "\"Thanks to DineTime, we've drastically reduced customer wait times and increased table turnover rates.\"",
          "name": "Raj Patel, Operations Manager at Curry House"
      },
      {
          "img": "img/testimonials/04.jpg",
          "text": "\"The future of restaurant operations is data-driven, and DineTime is leading the way.\"",
          "name": "Stephanie Zhang, CEO of Sunrise Cafe"
      }
  ],
  "Team": [
      {
          "img": "img/team/01.jpg",
          "name": "John Doe",
          "job": "CEO"
      },
      {
          "img": "img/team/02.jpg",
          "name": "Jane Smith",
          "job": "CTO"
      },
      {
          "img": "img/team/03.jpg",
          "name": "Robert Johnson",
          "job": "Data Scientist"
      },
      {
          "img": "img/team/04.jpg",
          "name": "Emily Davis",
          "job": "Product Manager"
      }
  ],
  "Contact": {
      "address": "Your Business Address",
      "phone": "Your Business Phone Number",
      "email": "Your Business Email",
      "facebook": "Your Facebook Link",
      "twitter": "Your Twitter Link",
      "youtube": "Your YouTube Link"
  },
  "Features": [
      {
          "icon": "fa fa-clock-o",
          "title": "Boost Efficiency",
          "text": "Reduce table wait times and streamline workflows, enhancing the overall dining experience for your customers."
      },
      {
          "icon": "fa fa-bar-chart",
          "title": "Make Informed Decisions",
          "text": "Use comprehensive metrics to make decisions that ensure continuous optimization of operations and maximum profits."
      },
      {
          "icon": "fa fa-bullseye",
          "title": "Targeted Marketing",
          "text": "Inform more effective marketing strategies using demographic data and behavioral patterns, boosting customer loyalty."
      },
      {
          "icon": "fa fa-expand",
          "title": "Strategic Planning",
          "text": "Leverage customer behavior patterns for strategic planning and scalability, guiding expansions and business planning."
      }
  ]
}
